"Date","Open","High","Low","Close","% Change","% Change vs Average","Volume"
"Mon Aug 17 2020 00:00:00 GMT+0530 (India Standard Time)","495.10","508.50","471.20","491.90","3.47","2.82","1,925,624"
"Mon Aug 24 2020 00:00:00 GMT+0530 (India Standard Time)","492.00","506.25","475.00","493.50","0.33","-0.32","793,151"
"Mon Aug 31 2020 00:00:00 GMT+0530 (India Standard Time)","499.00","501.20","461.00","476.10","-3.53","-4.17","570,111"
"Mon Sep 07 2020 00:00:00 GMT+0530 (India Standard Time)","484.50","487.45","450.25","485.10","1.89","1.24","560,774"
"Mon Sep 14 2020 00:00:00 GMT+0530 (India Standard Time)","492.00","518.10","476.10","508.65","4.85","4.21","770,833"
"Mon Sep 21 2020 00:00:00 GMT+0530 (India Standard Time)","509.00","513.75","441.65","482.80","-5.08","-5.73","1,185,068"
"Mon Sep 28 2020 00:00:00 GMT+0530 (India Standard Time)","486.90","500.80","471.75","490.80","1.66","1.01","440,131"
"Mon Oct 05 2020 00:00:00 GMT+0530 (India Standard Time)","490.80","505.80","484.00","492.00","0.24","-0.40","589,739"
"Mon Oct 12 2020 00:00:00 GMT+0530 (India Standard Time)","487.00","509.10","469.25","490.85","-0.23","-0.88","894,360"
"Mon Oct 19 2020 00:00:00 GMT+0530 (India Standard Time)","497.95","497.95","473.00","485.00","-1.19","-1.84","414,822"
"Mon Oct 26 2020 00:00:00 GMT+0530 (India Standard Time)","492.50","493.75","464.75","475.20","-2.02","-2.67","343,103"
"Mon Nov 02 2020 00:00:00 GMT+0530 (India Standard Time)","469.00","515.50","467.65","511.50","7.64","6.99","699,627"
"Mon Nov 09 2020 00:00:00 GMT+0530 (India Standard Time)","500.00","500.00","467.75","485.60","-5.06","-5.71","853,513"
"Mon Nov 16 2020 00:00:00 GMT+0530 (India Standard Time)","487.00","491.80","478.30","481.45","-0.85","-1.50","372,903"
"Mon Nov 23 2020 00:00:00 GMT+0530 (India Standard Time)","481.45","489.00","460.45","471.20","-2.13","-2.78","634,689"
"Mon Nov 30 2020 00:00:00 GMT+0530 (India Standard Time)","475.00","504.70","473.65","503.40","6.83","6.19","434,495"
"Mon Dec 07 2020 00:00:00 GMT+0530 (India Standard Time)","503.40","548.00","502.10","526.85","4.66","4.01","1,319,815"
"Mon Dec 14 2020 00:00:00 GMT+0530 (India Standard Time)","526.25","535.15","506.90","516.05","-2.05","-2.70","411,709"
"Mon Dec 21 2020 00:00:00 GMT+0530 (India Standard Time)","516.05","531.70","464.45","496.40","-3.81","-4.45","591,519"
"Mon Dec 28 2020 00:00:00 GMT+0530 (India Standard Time)","500.00","507.35","491.75","502.80","1.29","0.64","360,467"
"Mon Jan 04 2021 00:00:00 GMT+0530 (India Standard Time)","505.00","525.55","503.80","517.60","2.94","2.30","709,080"
"Mon Jan 11 2021 00:00:00 GMT+0530 (India Standard Time)","521.95","531.95","505.30","512.25","-1.03","-1.68","609,717"
"Mon Jan 18 2021 00:00:00 GMT+0530 (India Standard Time)","509.10","511.55","484.45","495.30","-3.31","-3.96","628,763"
"Mon Jan 25 2021 00:00:00 GMT+0530 (India Standard Time)","496.50","501.05","469.75","472.35","-4.63","-5.28","515,523"
"Mon Feb 01 2021 00:00:00 GMT+0530 (India Standard Time)","475.00","511.40","464.10","503.45","6.58","5.94","605,502"
"Mon Feb 08 2021 00:00:00 GMT+0530 (India Standard Time)","504.50","513.20","492.35","504.20","0.15","-0.50","391,957"
"Mon Feb 15 2021 00:00:00 GMT+0530 (India Standard Time)","509.50","511.60","478.00","482.40","-4.32","-4.97","1,109,460"
"Mon Feb 22 2021 00:00:00 GMT+0530 (India Standard Time)","481.80","485.10","443.90","467.00","-3.19","-3.84","807,257"
"Mon Mar 01 2021 00:00:00 GMT+0530 (India Standard Time)","469.45","482.05","462.00","467.90","0.19","-0.45","523,975"
"Mon Mar 08 2021 00:00:00 GMT+0530 (India Standard Time)","468.35","492.90","467.80","478.85","2.34","1.69","505,218"
"Mon Mar 15 2021 00:00:00 GMT+0530 (India Standard Time)","477.10","478.85","442.85","458.70","-4.21","-4.85","400,327"
"Mon Mar 22 2021 00:00:00 GMT+0530 (India Standard Time)","458.00","470.95","442.15","451.20","-1.64","-2.28","404,702"
"Mon Mar 29 2021 00:00:00 GMT+0530 (India Standard Time)","451.00","487.50","450.95","483.45","7.15","6.50","329,515"
"Mon Apr 05 2021 00:00:00 GMT+0530 (India Standard Time)","478.30","534.35","473.20","529.60","9.55","8.90","1,145,373"
"Mon Apr 12 2021 00:00:00 GMT+0530 (India Standard Time)","532.00","577.95","485.00","571.90","7.99","7.34","1,854,110"
"Mon Apr 19 2021 00:00:00 GMT+0530 (India Standard Time)","572.00","589.00","539.00","559.05","-2.25","-2.89","1,718,525"
"Mon Apr 26 2021 00:00:00 GMT+0530 (India Standard Time)","565.00","583.50","543.45","576.65","3.15","2.50","1,100,217"
"Mon May 03 2021 00:00:00 GMT+0530 (India Standard Time)","575.00","602.40","554.00","591.80","2.63","1.98","1,288,746"
"Mon May 10 2021 00:00:00 GMT+0530 (India Standard Time)","603.35","640.30","601.75","607.85","2.71","2.07","1,738,327"
"Mon May 17 2021 00:00:00 GMT+0530 (India Standard Time)","612.00","624.00","599.20","607.35","-0.08","-0.73","617,327"
"Mon May 24 2021 00:00:00 GMT+0530 (India Standard Time)","612.00","619.15","597.65","607.10","-0.04","-0.69","613,285"
"Mon May 31 2021 00:00:00 GMT+0530 (India Standard Time)","594.00","625.65","578.65","614.30","1.19","0.54","873,463"
"Mon Jun 07 2021 00:00:00 GMT+0530 (India Standard Time)","615.00","657.75","595.15","652.60","6.23","5.59","1,128,201"
"Mon Jun 14 2021 00:00:00 GMT+0530 (India Standard Time)","653.25","658.00","625.65","640.75","-1.82","-2.46","803,605"
"Mon Jun 21 2021 00:00:00 GMT+0530 (India Standard Time)","638.00","650.00","626.35","647.00","0.98","0.33","393,657"
"Mon Jun 28 2021 00:00:00 GMT+0530 (India Standard Time)","650.00","671.80","644.05","662.50","2.40","1.75","582,078"
"Mon Jul 05 2021 00:00:00 GMT+0530 (India Standard Time)","667.00","667.60","645.40","665.05","0.38","-0.26","456,183"
"Mon Jul 12 2021 00:00:00 GMT+0530 (India Standard Time)","671.00","689.95","652.10","687.05","3.31","2.66","1,185,242"
"Mon Jul 19 2021 00:00:00 GMT+0530 (India Standard Time)","680.00","690.60","645.35","649.85","-5.41","-6.06","424,428"
"Mon Jul 26 2021 00:00:00 GMT+0530 (India Standard Time)","649.90","650.00","582.00","607.60","-6.50","-7.15","952,854"
"Mon Aug 02 2021 00:00:00 GMT+0530 (India Standard Time)","617.00","618.00","583.55","596.65","-1.80","-2.45","586,055"
"Mon Aug 09 2021 00:00:00 GMT+0530 (India Standard Time)","597.40","597.65","560.20","563.20","-5.61","-6.25","497,928"
"Mon Aug 16 2021 00:00:00 GMT+0530 (India Standard Time)","567.25","583.00","535.00","540.00","-4.12","-4.77","549,814"
"Mon Aug 23 2021 00:00:00 GMT+0530 (India Standard Time)","543.05","547.95","511.25","516.75","-4.31","-4.95","522,528"
"Mon Aug 30 2021 00:00:00 GMT+0530 (India Standard Time)","515.95","543.25","514.65","533.40","3.22","2.58","542,105"
"Mon Sep 06 2021 00:00:00 GMT+0530 (India Standard Time)","535.00","539.00","518.40","524.60","-1.65","-2.30","238,135"
"Mon Sep 13 2021 00:00:00 GMT+0530 (India Standard Time)","526.70","539.65","517.10","519.25","-1.02","-1.67","383,865"
"Mon Sep 20 2021 00:00:00 GMT+0530 (India Standard Time)","518.30","518.50","489.10","507.65","-2.23","-2.88","505,864"
"Mon Sep 27 2021 00:00:00 GMT+0530 (India Standard Time)","507.40","518.15","491.45","513.00","1.05","0.41","467,316"
"Mon Oct 04 2021 00:00:00 GMT+0530 (India Standard Time)","513.00","529.30","503.40","526.80","2.69","2.04","445,248"
"Mon Oct 11 2021 00:00:00 GMT+0530 (India Standard Time)","528.25","538.80","523.10","524.75","-0.39","-1.04","390,439"
"Mon Oct 18 2021 00:00:00 GMT+0530 (India Standard Time)","529.90","529.90","488.75","493.00","-6.05","-6.70","359,038"
"Mon Oct 25 2021 00:00:00 GMT+0530 (India Standard Time)","498.40","517.25","477.35","504.10","2.25","1.61","357,449"
"Mon Nov 01 2021 00:00:00 GMT+0530 (India Standard Time)","504.10","524.80","502.10","523.05","3.76","3.11","235,861"
"Mon Nov 08 2021 00:00:00 GMT+0530 (India Standard Time)","523.05","532.00","512.90","523.65","0.11","-0.53","335,640"
"Mon Nov 15 2021 00:00:00 GMT+0530 (India Standard Time)","523.00","543.30","481.00","482.90","-7.78","-8.43","446,892"
"Mon Nov 22 2021 00:00:00 GMT+0530 (India Standard Time)","482.60","551.50","457.40","531.95","10.16","9.51","1,114,484"
"Mon Nov 29 2021 00:00:00 GMT+0530 (India Standard Time)","545.00","545.00","498.00","499.20","-6.16","-6.80","363,696"
"Mon Dec 06 2021 00:00:00 GMT+0530 (India Standard Time)","499.00","531.75","489.45","525.60","5.29","4.64","312,407"
"Mon Dec 13 2021 00:00:00 GMT+0530 (India Standard Time)","530.10","542.65","478.55","482.75","-8.15","-8.80","375,364"
"Mon Dec 20 2021 00:00:00 GMT+0530 (India Standard Time)","480.00","508.50","472.55","495.10","2.56","1.91","314,480"
"Mon Dec 27 2021 00:00:00 GMT+0530 (India Standard Time)","496.00","531.00","493.25","528.30","6.71","6.06","414,932"
"Mon Jan 03 2022 00:00:00 GMT+0530 (India Standard Time)","533.00","533.95","509.00","511.15","-3.25","-3.89","212,932"
"Mon Jan 10 2022 00:00:00 GMT+0530 (India Standard Time)","511.00","528.05","508.20","516.00","0.95","0.30","221,068"
"Mon Jan 17 2022 00:00:00 GMT+0530 (India Standard Time)","513.50","521.35","481.65","483.35","-6.33","-6.97","317,687"
"Mon Jan 24 2022 00:00:00 GMT+0530 (India Standard Time)","483.35","496.60","465.85","487.60","0.88","0.23","272,071"
"Mon Jan 31 2022 00:00:00 GMT+0530 (India Standard Time)","492.50","505.20","484.65","491.00","0.70","0.05","188,900"
"Mon Feb 07 2022 00:00:00 GMT+0530 (India Standard Time)","492.00","512.70","482.20","489.60","-0.29","-0.93","415,846"
"Mon Feb 14 2022 00:00:00 GMT+0530 (India Standard Time)","484.00","497.60","468.45","470.50","-3.90","-4.55","240,441"
"Mon Feb 21 2022 00:00:00 GMT+0530 (India Standard Time)","468.00","471.80","423.30","452.20","-3.89","-4.54","335,217"
"Mon Feb 28 2022 00:00:00 GMT+0530 (India Standard Time)","444.10","456.80","425.65","427.15","-5.54","-6.19","353,309"
"Mon Mar 07 2022 00:00:00 GMT+0530 (India Standard Time)","417.00","456.40","415.60","453.30","6.12","5.48","496,674"
"Mon Mar 14 2022 00:00:00 GMT+0530 (India Standard Time)","454.00","460.00","439.40","443.90","-2.07","-2.72","168,053"
"Mon Mar 21 2022 00:00:00 GMT+0530 (India Standard Time)","445.00","469.20","444.35","457.10","2.97","2.33","356,908"
"Mon Mar 28 2022 00:00:00 GMT+0530 (India Standard Time)","456.50","462.20","438.45","452.25","-1.06","-1.71","449,265"
"Mon Apr 04 2022 00:00:00 GMT+0530 (India Standard Time)","450.50","484.50","450.50","479.20","5.96","5.31","303,507"
"Mon Apr 11 2022 00:00:00 GMT+0530 (India Standard Time)","483.80","487.15","468.45","477.80","-0.29","-0.94","160,440"
"Mon Apr 18 2022 00:00:00 GMT+0530 (India Standard Time)","479.70","479.70","442.20","443.45","-7.19","-7.84","154,201"
"Mon Apr 25 2022 00:00:00 GMT+0530 (India Standard Time)","445.00","453.20","425.60","440.00","-0.78","-1.42","208,426"
"Mon May 02 2022 00:00:00 GMT+0530 (India Standard Time)","435.95","440.00","405.40","410.75","-6.65","-7.29","438,925"
"Mon May 09 2022 00:00:00 GMT+0530 (India Standard Time)","412.90","423.55","386.30","394.05","-4.07","-4.71","249,371"
"Mon May 16 2022 00:00:00 GMT+0530 (India Standard Time)","395.00","410.00","386.30","407.40","3.39","2.74","144,826"
"Mon May 23 2022 00:00:00 GMT+0530 (India Standard Time)","399.90","406.95","378.00","398.05","-2.30","-2.94","247,234"
"Mon May 30 2022 00:00:00 GMT+0530 (India Standard Time)","389.50","410.85","382.85","388.90","-2.30","-2.94","529,747"
"Mon Jun 06 2022 00:00:00 GMT+0530 (India Standard Time)","388.95","401.80","375.00","388.45","-0.12","-0.76","377,263"
"Mon Jun 13 2022 00:00:00 GMT+0530 (India Standard Time)","380.50","388.00","358.05","362.45","-6.69","-7.34","213,096"
"Mon Jun 20 2022 00:00:00 GMT+0530 (India Standard Time)","362.00","385.35","348.90","383.75","5.88","5.23","201,134"
"Mon Jun 27 2022 00:00:00 GMT+0530 (India Standard Time)","385.00","396.00","379.15","394.00","2.67","2.02","108,888"
"Mon Jul 04 2022 00:00:00 GMT+0530 (India Standard Time)","396.70","401.00","378.65","387.50","-1.65","-2.30","120,916"
"Mon Jul 11 2022 00:00:00 GMT+0530 (India Standard Time)","385.00","398.95","378.40","380.45","-1.82","-2.47","293,359"
"Mon Jul 18 2022 00:00:00 GMT+0530 (India Standard Time)","381.50","387.30","372.20","374.55","-1.55","-2.20","137,705"
"Mon Jul 25 2022 00:00:00 GMT+0530 (India Standard Time)","371.00","383.00","360.50","380.70","1.64","1.00","295,627"
"Mon Aug 01 2022 00:00:00 GMT+0530 (India Standard Time)","384.00","384.00","366.65","378.25","-0.64","-1.29","253,666"
"Mon Aug 08 2022 00:00:00 GMT+0530 (India Standard Time)","378.95","395.80","369.00","389.00","2.84","2.20","279,847"
"Mon Aug 15 2022 00:00:00 GMT+0530 (India Standard Time)","390.00","407.80","384.75","387.15","-0.48","-1.12","400,887"
"Mon Aug 22 2022 00:00:00 GMT+0530 (India Standard Time)","385.00","385.00","366.00","377.20","-2.57","-3.22","410,782"
"Mon Aug 29 2022 00:00:00 GMT+0530 (India Standard Time)","366.05","389.95","361.70","369.70","-1.99","-2.63","249,278"
"Mon Sep 05 2022 00:00:00 GMT+0530 (India Standard Time)","369.10","391.95","367.60","388.95","5.21","4.56","253,646"
"Mon Sep 12 2022 00:00:00 GMT+0530 (India Standard Time)","388.95","396.60","370.80","372.50","-4.23","-4.88","392,812"
"Mon Sep 19 2022 00:00:00 GMT+0530 (India Standard Time)","376.35","389.50","366.50","384.35","3.18","2.54","521,315"
"Mon Sep 26 2022 00:00:00 GMT+0530 (India Standard Time)","382.05","394.90","363.80","388.60","1.11","0.46","282,141"
"Mon Oct 03 2022 00:00:00 GMT+0530 (India Standard Time)","392.70","409.40","389.20","397.95","2.41","1.76","331,003"
"Mon Oct 10 2022 00:00:00 GMT+0530 (India Standard Time)","395.30","399.25","376.70","391.00","-1.75","-2.39","504,822"
"Mon Oct 17 2022 00:00:00 GMT+0530 (India Standard Time)","388.00","403.00","386.20","398.15","1.83","1.18","478,131"
"Mon Oct 24 2022 00:00:00 GMT+0530 (India Standard Time)","398.45","407.50","378.45","399.75","0.40","-0.24","600,723"
"Mon Oct 31 2022 00:00:00 GMT+0530 (India Standard Time)","400.00","427.25","398.75","421.20","5.37","4.72","315,564"
"Mon Nov 07 2022 00:00:00 GMT+0530 (India Standard Time)","422.00","430.95","410.15","414.15","-1.67","-2.32","210,735"
"Mon Nov 14 2022 00:00:00 GMT+0530 (India Standard Time)","417.00","436.50","407.60","410.00","-1.00","-1.65","481,134"
"Mon Nov 21 2022 00:00:00 GMT+0530 (India Standard Time)","410.00","428.00","405.90","426.60","4.05","3.40","164,705"
"Mon Nov 28 2022 00:00:00 GMT+0530 (India Standard Time)","424.50","443.95","424.50","435.00","1.97","1.32","161,880"
"Mon Dec 05 2022 00:00:00 GMT+0530 (India Standard Time)","433.20","444.55","420.00","436.70","0.39","-0.26","1,159,401"
"Mon Dec 12 2022 00:00:00 GMT+0530 (India Standard Time)","427.00","444.95","415.25","417.70","-4.35","-5.00","376,297"
"Mon Dec 19 2022 00:00:00 GMT+0530 (India Standard Time)","420.05","450.85","406.95","429.05","2.72","2.07","697,675"
"Mon Dec 26 2022 00:00:00 GMT+0530 (India Standard Time)","429.10","431.65","415.45","424.50","-1.06","-1.71","193,775"
"Mon Jan 02 2023 00:00:00 GMT+0530 (India Standard Time)","421.05","440.00","418.20","422.60","-0.45","-1.09","295,941"
"Mon Jan 09 2023 00:00:00 GMT+0530 (India Standard Time)","424.15","433.00","414.50","420.35","-0.53","-1.18","115,069"
"Mon Jan 16 2023 00:00:00 GMT+0530 (India Standard Time)","415.55","425.80","414.25","417.95","-0.57","-1.22","102,766"
"Mon Jan 23 2023 00:00:00 GMT+0530 (India Standard Time)","413.00","421.40","379.50","381.40","-8.75","-9.39","110,767"
"Mon Jan 30 2023 00:00:00 GMT+0530 (India Standard Time)","380.55","394.50","369.50","385.80","1.15","0.51","136,741"
"Mon Feb 06 2023 00:00:00 GMT+0530 (India Standard Time)","385.85","404.90","385.85","399.85","3.64","3.00","117,607"
"Mon Feb 13 2023 00:00:00 GMT+0530 (India Standard Time)","410.00","444.65","405.20","435.80","8.99","8.34","463,700"
"Mon Feb 20 2023 00:00:00 GMT+0530 (India Standard Time)","434.95","453.55","427.60","438.20","0.55","-0.10","268,534"
"Mon Feb 27 2023 00:00:00 GMT+0530 (India Standard Time)","434.60","440.15","414.50","416.35","-4.99","-5.63","166,521"
"Mon Mar 06 2023 00:00:00 GMT+0530 (India Standard Time)","416.55","430.70","415.00","428.90","3.01","2.37","155,644"
"Mon Mar 13 2023 00:00:00 GMT+0530 (India Standard Time)","428.90","441.60","414.50","440.75","2.76","2.12","165,081"
"Mon Mar 20 2023 00:00:00 GMT+0530 (India Standard Time)","440.85","446.00","424.05","425.65","-3.43","-4.07","171,021"
"Mon Mar 27 2023 00:00:00 GMT+0530 (India Standard Time)","422.55","468.00","422.55","465.00","9.24","8.60","292,255"
"Mon Apr 03 2023 00:00:00 GMT+0530 (India Standard Time)","466.00","488.85","464.45","482.10","3.68","3.03","264,092"
"Mon Apr 10 2023 00:00:00 GMT+0530 (India Standard Time)","483.20","495.20","480.65","490.40","1.72","1.08","172,666"
"Mon Apr 17 2023 00:00:00 GMT+0530 (India Standard Time)","481.05","517.00","481.05","511.40","4.28","3.64","556,576"
"Mon Apr 24 2023 00:00:00 GMT+0530 (India Standard Time)","512.45","568.50","507.65","564.10","10.31","9.66","581,599"
"Mon May 01 2023 00:00:00 GMT+0530 (India Standard Time)","563.50","563.50","535.15","551.00","-2.32","-2.97","220,839"
"Mon May 08 2023 00:00:00 GMT+0530 (India Standard Time)","550.60","615.80","550.50","612.70","11.20","10.55","1,101,585"
"Mon May 15 2023 00:00:00 GMT+0530 (India Standard Time)","613.00","630.00","597.95","624.20","1.88","1.23","988,249"
"Mon May 22 2023 00:00:00 GMT+0530 (India Standard Time)","585.10","625.70","581.20","591.55","-5.23","-5.88","503,456"
"Mon May 29 2023 00:00:00 GMT+0530 (India Standard Time)","591.55","615.00","588.00","613.55","3.72","3.07","225,405"
"Mon Jun 05 2023 00:00:00 GMT+0530 (India Standard Time)","608.05","682.00","608.05","636.05","3.67","3.02","342,572"
"Mon Jun 12 2023 00:00:00 GMT+0530 (India Standard Time)","645.00","652.75","628.25","642.40","1.00","0.35","154,944"
"Mon Jun 19 2023 00:00:00 GMT+0530 (India Standard Time)","630.05","654.15","620.05","632.95","-1.47","-2.12","180,119"
"Mon Jun 26 2023 00:00:00 GMT+0530 (India Standard Time)","629.05","684.00","629.00","675.90","6.79","6.14","233,341"
"Mon Jul 03 2023 00:00:00 GMT+0530 (India Standard Time)","670.05","693.60","647.65","689.00","1.94","1.29","205,227"
"Mon Jul 10 2023 00:00:00 GMT+0530 (India Standard Time)","690.05","704.10","661.00","701.80","1.86","1.21","202,931"
"Mon Jul 17 2023 00:00:00 GMT+0530 (India Standard Time)","702.10","755.00","695.55","753.10","7.31","6.66","237,139"
"Mon Jul 24 2023 00:00:00 GMT+0530 (India Standard Time)","753.20","832.90","753.20","798.50","6.03","5.38","319,945"
"Mon Jul 31 2023 00:00:00 GMT+0530 (India Standard Time)","814.95","824.65","771.00","803.45","0.62","-0.03","202,595"
"Mon Aug 07 2023 00:00:00 GMT+0530 (India Standard Time)","805.05","836.30","792.90","801.60","-0.23","-0.88","160,986"
"Mon Aug 14 2023 00:00:00 GMT+0530 (India Standard Time)","809.45","814.50","763.70","765.50","-4.50","-5.15","109,537"
"Mon Aug 21 2023 00:00:00 GMT+0530 (India Standard Time)","765.00","781.90","737.15","739.45","-3.40","-4.05","150,586"
"Mon Aug 28 2023 00:00:00 GMT+0530 (India Standard Time)","731.20","777.00","731.20","756.65","2.33","1.68","381,512"
"Mon Sep 04 2023 00:00:00 GMT+0530 (India Standard Time)","750.75","804.50","750.75","776.45","2.62","1.97","315,724"
"Mon Sep 11 2023 00:00:00 GMT+0530 (India Standard Time)","772.05","872.95","772.05","856.00","10.25","9.60","398,966"
"Mon Sep 18 2023 00:00:00 GMT+0530 (India Standard Time)","856.05","879.15","775.00","802.25","-6.28","-6.93","493,989"
"Mon Sep 25 2023 00:00:00 GMT+0530 (India Standard Time)","795.05","860.55","753.80","854.80","6.55","5.90","651,341"
"Mon Oct 02 2023 00:00:00 GMT+0530 (India Standard Time)","854.45","859.90","785.50","793.70","-7.15","-7.79","204,680"
"Mon Oct 09 2023 00:00:00 GMT+0530 (India Standard Time)","780.10","809.25","778.35","796.65","0.37","-0.27","254,521"
"Mon Oct 16 2023 00:00:00 GMT+0530 (India Standard Time)","800.00","811.70","776.00","781.10","-1.95","-2.60","113,452"
"Mon Oct 23 2023 00:00:00 GMT+0530 (India Standard Time)","794.30","794.30","731.00","743.75","-4.78","-5.43","86,641"
"Mon Oct 30 2023 00:00:00 GMT+0530 (India Standard Time)","736.05","762.20","735.00","746.20","0.33","-0.32","60,288"
"Mon Nov 06 2023 00:00:00 GMT+0530 (India Standard Time)","748.05","799.90","702.05","763.20","2.28","1.63","273,801"
"Mon Nov 13 2023 00:00:00 GMT+0530 (India Standard Time)","762.80","783.20","722.25","775.75","1.64","1.00","383,249"
"Mon Nov 20 2023 00:00:00 GMT+0530 (India Standard Time)","778.95","799.70","761.15","787.00","1.45","0.80","154,828"
"Mon Nov 27 2023 00:00:00 GMT+0530 (India Standard Time)","783.05","798.05","764.25","792.25","0.67","0.02","173,242"
"Mon Dec 04 2023 00:00:00 GMT+0530 (India Standard Time)","795.45","827.10","772.70","795.70","0.44","-0.21","281,330"
"Mon Dec 11 2023 00:00:00 GMT+0530 (India Standard Time)","799.15","839.30","790.65","824.45","3.61","2.97","187,566"
"Mon Dec 18 2023 00:00:00 GMT+0530 (India Standard Time)","821.40","849.50","774.30","838.50","1.70","1.06","303,200"
"Mon Dec 25 2023 00:00:00 GMT+0530 (India Standard Time)","840.00","857.95","829.00","854.00","1.85","1.20","132,197"
"Mon Jan 01 2024 00:00:00 GMT+0530 (India Standard Time)","854.00","912.80","850.00","893.40","4.61","3.97","350,952"
"Mon Jan 08 2024 00:00:00 GMT+0530 (India Standard Time)","893.40","898.25","866.00","868.90","-2.74","-3.39","209,183"
"Mon Jan 15 2024 00:00:00 GMT+0530 (India Standard Time)","868.10","915.95","848.00","875.05","0.71","0.06","265,714"
"Mon Jan 22 2024 00:00:00 GMT+0530 (India Standard Time)","874.05","913.00","853.80","890.25","1.74","1.09","105,710"
"Mon Jan 29 2024 00:00:00 GMT+0530 (India Standard Time)","842.25","922.25","842.25","886.20","-0.45","-1.10","146,732"
"Mon Feb 05 2024 00:00:00 GMT+0530 (India Standard Time)","881.05","897.55","830.35","842.50","-4.93","-5.58","104,815"
"Mon Feb 12 2024 00:00:00 GMT+0530 (India Standard Time)","845.85","890.50","766.65","872.80","3.60","2.95","823,251"
"Mon Feb 19 2024 00:00:00 GMT+0530 (India Standard Time)","875.00","919.20","853.15","900.30","3.15","2.50","318,236"
"Mon Feb 26 2024 00:00:00 GMT+0530 (India Standard Time)","902.45","941.65","899.25","928.90","3.18","2.53","322,555"
"Mon Mar 04 2024 00:00:00 GMT+0530 (India Standard Time)","928.50","963.95","903.60","954.45","2.75","2.10","220,721"
"Mon Mar 11 2024 00:00:00 GMT+0530 (India Standard Time)","959.55","974.05","883.50","926.45","-2.93","-3.58","245,980"
"Mon Mar 18 2024 00:00:00 GMT+0530 (India Standard Time)","922.35","954.00","908.90","950.70","2.62","1.97","58,052"
"Mon Mar 25 2024 00:00:00 GMT+0530 (India Standard Time)","950.00","969.20","936.05","957.50","0.72","0.07","42,280"
"Mon Apr 01 2024 00:00:00 GMT+0530 (India Standard Time)","958.00","1018.75","958.00","1017.00","6.21","5.57","76,505"
"Mon Apr 08 2024 00:00:00 GMT+0530 (India Standard Time)","1020.40","1068.00","1018.95","1051.55","3.40","2.75","93,388"
"Mon Apr 15 2024 00:00:00 GMT+0530 (India Standard Time)","1020.20","1064.30","1020.20","1025.15","-2.51","-3.16","84,185"
"Mon Apr 22 2024 00:00:00 GMT+0530 (India Standard Time)","1026.05","1095.95","1018.20","1080.05","5.36","4.71","126,076"
"Mon Apr 29 2024 00:00:00 GMT+0530 (India Standard Time)","1092.60","1098.00","1046.40","1054.00","-2.41","-3.06","75,239"
"Mon May 06 2024 00:00:00 GMT+0530 (India Standard Time)","1052.60","1060.00","996.90","1024.60","-2.79","-3.44","80,898"
"Mon May 13 2024 00:00:00 GMT+0530 (India Standard Time)","1025.00","1047.85","985.60","1042.10","1.71","1.06","78,678"
"Mon May 20 2024 00:00:00 GMT+0530 (India Standard Time)","1046.00","1050.00","998.95","1035.40","-0.64","-1.29","65,260"
"Mon May 27 2024 00:00:00 GMT+0530 (India Standard Time)","1031.50","1183.25","1031.50","1160.75","12.11","11.46","323,866"
"Mon Jun 03 2024 00:00:00 GMT+0530 (India Standard Time)","1170.60","1218.00","1050.00","1193.20","2.80","2.15","214,180"
"Mon Jun 10 2024 00:00:00 GMT+0530 (India Standard Time)","1199.95","1240.00","1176.00","1236.15","3.60","2.95","70,176"
"Mon Jun 17 2024 00:00:00 GMT+0530 (India Standard Time)","1259.95","1264.50","1227.20","1229.60","-0.53","-1.18","53,173"
"Mon Jun 24 2024 00:00:00 GMT+0530 (India Standard Time)","1227.60","1249.00","1199.95","1230.65","0.09","-0.56","39,791"
"Mon Jul 01 2024 00:00:00 GMT+0530 (India Standard Time)","1229.60","1356.25","1229.60","1338.15","8.74","8.09","127,181"
"Mon Jul 08 2024 00:00:00 GMT+0530 (India Standard Time)","1340.00","1395.00","1320.45","1378.20","2.99","2.35","138,626"
"Mon Jul 15 2024 00:00:00 GMT+0530 (India Standard Time)","1380.00","1429.95","1380.00","1413.35","2.55","1.90","39,254"
"Mon Jul 22 2024 00:00:00 GMT+0530 (India Standard Time)","1412.00","1453.60","1380.00","1435.25","1.55","0.90","128,599"
"Mon Jul 29 2024 00:00:00 GMT+0530 (India Standard Time)","1446.50","1479.95","1418.55","1443.15","0.55","-0.10","68,091"
"Mon Aug 05 2024 00:00:00 GMT+0530 (India Standard Time)","1360.05","1483.40","1360.05","1471.80","1.99","1.34","318,814"
"Mon Aug 12 2024 00:00:00 GMT+0530 (India Standard Time)","1483.90","1576.65","1427.35","1564.70","6.31","5.67","237,766"
"Mon Aug 19 2024 00:00:00 GMT+0530 (India Standard Time)","1573.45","1694.40","1567.15","1686.00","7.75","7.11","125,742"
"Mon Aug 26 2024 00:00:00 GMT+0530 (India Standard Time)","1699.65","1750.00","1680.00","1734.85","2.90","2.25","69,425"
"Mon Sep 02 2024 00:00:00 GMT+0530 (India Standard Time)","1749.75","1749.75","1666.10","1702.40","-1.87","-2.52","87,333"
"Mon Sep 09 2024 00:00:00 GMT+0530 (India Standard Time)","1703.00","1756.20","1688.45","1752.35","2.93","2.29","60,376"
"Mon Sep 16 2024 00:00:00 GMT+0530 (India Standard Time)","1773.95","1773.95","1610.60","1625.40","-7.24","-7.89","100,709"
"Mon Sep 23 2024 00:00:00 GMT+0530 (India Standard Time)","1706.00","1763.90","1663.00","1685.05","3.67","3.02","145,795"
"Mon Sep 30 2024 00:00:00 GMT+0530 (India Standard Time)","1701.85","1701.85","1625.10","1663.85","-1.26","-1.90","49,210"
"Mon Oct 07 2024 00:00:00 GMT+0530 (India Standard Time)","1658.05","1805.00","1653.50","1793.15","7.77","7.12","91,492"
"Mon Oct 14 2024 00:00:00 GMT+0530 (India Standard Time)","1803.15","1830.05","1718.00","1739.20","-3.01","-3.65","54,202"
"Mon Oct 21 2024 00:00:00 GMT+0530 (India Standard Time)","1737.00","1755.15","1650.15","1663.75","-4.34","-4.98","39,548"
"Mon Oct 28 2024 00:00:00 GMT+0530 (India Standard Time)","1660.05","1724.60","1628.55","1690.95","1.63","0.99","29,308"
"Mon Nov 04 2024 00:00:00 GMT+0530 (India Standard Time)","1687.05","1776.00","1645.05","1665.50","-1.51","-2.15","96,602"
"Mon Nov 11 2024 00:00:00 GMT+0530 (India Standard Time)","1665.00","1682.65","1522.20","1531.70","-8.03","-8.68","88,502"
"Mon Nov 18 2024 00:00:00 GMT+0530 (India Standard Time)","1561.65","1581.00","1451.80","1480.05","-3.37","-4.02","66,925"
"Mon Nov 25 2024 00:00:00 GMT+0530 (India Standard Time)","1490.65","1533.00","1480.50","1528.00","3.24","2.59","47,836"
"Mon Dec 02 2024 00:00:00 GMT+0530 (India Standard Time)","1520.75","1568.10","1513.40","1528.25","0.02","-0.63","52,593"
"Mon Dec 09 2024 00:00:00 GMT+0530 (India Standard Time)","1523.45","1576.75","1447.00","1517.20","-0.72","-1.37","417,887"
"Mon Dec 16 2024 00:00:00 GMT+0530 (India Standard Time)","1510.80","1562.00","1485.30","1542.35","1.66","1.01","52,789"
"Mon Dec 23 2024 00:00:00 GMT+0530 (India Standard Time)","1552.25","1604.90","1511.15","1585.40","2.79","2.15","64,675"
"Mon Dec 30 2024 00:00:00 GMT+0530 (India Standard Time)","1586.10","1647.35","1576.90","1636.05","3.19","2.55","66,074"
"Mon Jan 06 2025 00:00:00 GMT+0530 (India Standard Time)","1636.05","1658.20","1537.65","1540.70","-5.83","-6.47","23,318"
"Mon Jan 13 2025 00:00:00 GMT+0530 (India Standard Time)","1538.80","1545.00","1440.05","1468.40","-4.69","-5.34","86,284"
"Mon Jan 20 2025 00:00:00 GMT+0530 (India Standard Time)","1455.65","1537.90","1443.35","1447.15","-1.45","-2.09","46,040"
"Mon Jan 27 2025 00:00:00 GMT+0530 (India Standard Time)","1444.70","1477.60","1368.00","1436.30","-0.75","-1.40","59,581"
"Mon Feb 03 2025 00:00:00 GMT+0530 (India Standard Time)","1435.25","1552.95","1394.00","1540.20","7.23","6.59","756,438"
"Mon Feb 10 2025 00:00:00 GMT+0530 (India Standard Time)","1539.85","1550.00","1310.15","1321.35","-14.21","-14.86","72,890"
"Mon Feb 17 2025 00:00:00 GMT+0530 (India Standard Time)","1321.35","1399.15","1280.00","1300.25","-1.60","-2.24","128,752"
"Mon Feb 24 2025 00:00:00 GMT+0530 (India Standard Time)","1307.15","1352.70","1274.70","1278.75","-1.65","-2.30","48,873"
"Mon Mar 03 2025 00:00:00 GMT+0530 (India Standard Time)","1275.10","1415.85","1275.10","1406.55","9.99","9.35","42,279"
"Mon Mar 10 2025 00:00:00 GMT+0530 (India Standard Time)","1498.80","1498.80","1370.00","1404.25","-0.16","-0.81","40,430"
"Mon Mar 17 2025 00:00:00 GMT+0530 (India Standard Time)","1402.00","1517.95","1399.55","1511.45","7.63","6.99","43,827"
"Mon Mar 24 2025 00:00:00 GMT+0530 (India Standard Time)","1514.50","1546.65","1450.85","1540.05","1.89","1.25","64,130"
"Mon Mar 31 2025 00:00:00 GMT+0530 (India Standard Time)","1540.05","1585.60","1469.45","1499.15","-2.66","-3.30","64,207"
"Mon Apr 07 2025 00:00:00 GMT+0530 (India Standard Time)","1350.05","1498.95","1340.30","1377.55","-8.11","-8.76","54,552"
"Mon Apr 14 2025 00:00:00 GMT+0530 (India Standard Time)","1393.95","1394.55","1336.95","1341.65","-2.61","-3.25","587,610"
"Mon Apr 21 2025 00:00:00 GMT+0530 (India Standard Time)","1350.00","1438.30","1339.00","1358.90","1.29","0.64","193,400"
"Mon Apr 28 2025 00:00:00 GMT+0530 (India Standard Time)","1363.30","1417.85","1352.55","1375.65","1.23","0.59","30,600"
"Mon May 05 2025 00:00:00 GMT+0530 (India Standard Time)","1340.35","1451.60","1340.35","1395.25","1.42","0.78","61,189"
"Mon May 12 2025 00:00:00 GMT+0530 (India Standard Time)","1385.00","1462.20","1360.00","1447.30","3.73","3.08","53,709"
"Mon May 19 2025 00:00:00 GMT+0530 (India Standard Time)","1458.95","1471.05","1410.00","1418.60","-1.98","-2.63","32,937"
"Mon May 26 2025 00:00:00 GMT+0530 (India Standard Time)","1375.15","1465.80","1372.00","1457.75","2.76","2.11","652,220"
"Mon Jun 02 2025 00:00:00 GMT+0530 (India Standard Time)","1450.50","1597.90","1448.50","1590.00","9.07","8.43","226,138"
"Mon Jun 09 2025 00:00:00 GMT+0530 (India Standard Time)","1597.00","1673.75","1589.80","1669.70","5.01","4.37","94,182"
"Mon Jun 16 2025 00:00:00 GMT+0530 (India Standard Time)","1690.95","1690.95","1623.85","1636.95","-1.96","-2.61","47,125"
"Mon Jun 23 2025 00:00:00 GMT+0530 (India Standard Time)","1612.30","1744.35","1612.30","1712.80","4.63","3.99","119,208"
"Mon Jun 30 2025 00:00:00 GMT+0530 (India Standard Time)","1710.70","1840.00","1710.70","1831.50","6.93","6.28","69,944"
"Mon Jul 07 2025 00:00:00 GMT+0530 (India Standard Time)","1831.70","2286.15","1793.50","2181.55","19.11","18.47","1,011,740"
"Mon Jul 14 2025 00:00:00 GMT+0530 (India Standard Time)","2164.85","2266.45","2136.55","2223.05","1.90","1.26","479,347"
"Mon Jul 21 2025 00:00:00 GMT+0530 (India Standard Time)","2223.30","2237.85","2126.75","2144.35","-3.54","-4.19","105,571"
"Mon Jul 28 2025 00:00:00 GMT+0530 (India Standard Time)","2164.30","2177.50","2053.25","2066.95","-3.61","-4.26","148,979"
"Mon Aug 04 2025 00:00:00 GMT+0530 (India Standard Time)","2063.00","2097.50","2005.60","2018.40","-2.35","-3.00","95,739"
"Mon Aug 11 2025 00:00:00 GMT+0530 (India Standard Time)","2025.00","2072.35","2012.10","2043.95","1.27","0.62","61,144"
"Mon Aug 18 2025 00:00:00 GMT+0530 (India Standard Time)","1999.15","2041.50","1998.05","2016.45","-1.35","-1.99","18,032"